{
  "phase4_baseline": {
    "AUPRC": 0.3632,
    "ROC_AUC": 0.7925
  },
  "literature_target": {
    "AUPRC": 0.45,
    "source": "Lin et al. 2025"
  },
  "feature_dim": 4480,
  "n_train": 1866,
  "n_test": 468,
  "scale_pos_weight": 17.66,
  "best_params": {
    "xgb": {
      "max_depth": 7,
      "learning_rate": 0.03570219266558127,
      "n_estimators": 1300,
      "min_child_weight": 5,
      "subsample": 0.7370242334501858,
      "colsample_bytree": 0.4400677311473997,
      "reg_lambda": 0.01502131344733825,
      "reg_alpha": 0.11302902138285321,
      "gamma": 0.19993531310966353
    },
    "lgb": {
      "num_leaves": 25,
      "max_depth": 7,
      "learning_rate": 0.007686906710155591,
      "n_estimators": 1000,
      "min_child_samples": 26,
      "subsample": 0.9443902586790678,
      "colsample_bytree": 0.4407564652562802,
      "reg_lambda": 0.005299894056224483,
      "reg_alpha": 0.0020634802865856215
    },
    "rf": {
      "n_estimators": 800,
      "max_depth": 23,
      "min_samples_split": 4,
      "min_samples_leaf": 2,
      "max_features": "sqrt"
    },
    "lr": {
      "C": 0.07711157934093159
    }
  },
  "results": {
    "xgb": {
      "AUPRC": 0.6289322481033272,
      "ROC_AUC": 0.9106026785714286,
      "Brier": 0.028963022163614054,
      "AUPRC_boot_mean": 0.6333212750289249,
      "AUPRC_95CI": [
        0.4085243362758781,
        0.8225900700553058
      ],
      "P@10": 0.8,
      "P@20": 0.6,
      "P@50": 0.3
    },
    "lgb": {
      "AUPRC": 0.6241641854333416,
      "ROC_AUC": 0.9258928571428572,
      "Brier": 0.028016101664160253,
      "AUPRC_boot_mean": 0.6297886196964007,
      "AUPRC_95CI": [
        0.3946196040356247,
        0.8234526108862997
      ],
      "P@10": 0.8,
      "P@20": 0.65,
      "P@50": 0.3
    },
    "rf": {
      "AUPRC": 0.6426057877430712,
      "ROC_AUC": 0.9222098214285716,
      "Brier": 0.02700649360962498,
      "AUPRC_boot_mean": 0.6483351505027994,
      "AUPRC_95CI": [
        0.42427078849874494,
        0.8299835849244388
      ],
      "P@10": 0.9,
      "P@20": 0.6,
      "P@50": 0.3
    },
    "lr": {
      "AUPRC": 0.448026223063382,
      "ROC_AUC": 0.8595982142857143,
      "Brier": 0.05334927952503881,
      "AUPRC_boot_mean": 0.46947867264471244,
      "AUPRC_95CI": [
        0.23872642062720287,
        0.6954071128927308
      ],
      "P@10": 0.6,
      "P@20": 0.55,
      "P@50": 0.26
    },
    "stack": {
      "AUPRC": 0.6460243483423549,
      "ROC_AUC": 0.91875,
      "Brier": 0.10365757614060875,
      "AUPRC_boot_mean": 0.6517376298054791,
      "AUPRC_95CI": [
        0.42637384761651814,
        0.834275140854578
      ],
      "P@10": 0.9,
      "P@20": 0.65,
      "P@50": 0.3
    }
  }
}